Plot_ID,Season,Rainfall_mm,Nitrogen_kg_ha,Temperature_C,Soil_Type,Irrigation_mm,Planting_Density_k_ha,Maize_Yield_t_ha
MZ-001,2021,487,89,22.8,Clay,13,53,4.06
MZ-002,2022,534,108,23.5,Sandy,26,58,4.26
MZ-003,2023,581,127,24.2,Silt,39,63,5.44
MZ-004,2024,628,146,24.9,Loam,52,50,6.23
MZ-005,2020,675,165,25.6,Clay,65,55,6.46
MZ-006,2021,722,184,26.3,Sandy,78,60,6.66
MZ-007,2022,769,203,27.0,Silt,91,65,7.84
MZ-008,2023,816,77,27.7,Loam,9,52,6.44
MZ-009,2024,863,96,22.7,Clay,22,57,6.07
MZ-010,2020,910,115,23.4,Sandy,35,62,5.81
MZ-011,2021,957,134,24.1,Silt,48,49,6.99
MZ-012,2022,464,153,24.8,Loam,61,54,5.57
MZ-013,2023,511,172,25.5,Clay,74,59,5.80
MZ-014,2024,558,191,26.2,Sandy,87,64,6.00
MZ-015,2020,605,210,26.9,Silt,5,51,6.71
MZ-016,2021,652,84,27.6,Loam,18,56,5.81
MZ-017,2022,699,103,22.6,Clay,31,61,5.41
MZ-018,2023,746,122,23.3,Sandy,44,48,5.61
MZ-019,2024,793,141,24.0,Silt,57,53,6.79
MZ-020,2020,840,160,24.7,Loam,70,58,7.12
MZ-021,2021,887,179,25.4,Clay,83,63,7.36
MZ-022,2022,934,198,26.1,Sandy,1,50,7.08
MZ-023,2023,441,72,26.8,Silt,14,55,4.53
MZ-024,2024,488,91,27.5,Loam,27,60,5.18
MZ-025,2020,535,110,22.5,Clay,40,65,4.75
MZ-026,2021,582,129,23.2,Sandy,53,52,4.95
MZ-027,2022,629,148,23.9,Silt,66,57,6.13
MZ-028,2023,676,167,24.6,Loam,79,62,6.92
MZ-029,2024,723,186,25.3,Clay,92,49,7.15
MZ-030,2020,770,205,26.0,Sandy,10,54,6.42
MZ-031,2021,817,79,26.7,Silt,23,59,6.08
MZ-032,2022,864,98,27.4,Loam,36,64,6.76
MZ-033,2023,911,117,22.4,Clay,49,51,6.30
MZ-034,2024,958,136,23.1,Sandy,62,56,6.50
MZ-035,2020,465,155,23.8,Silt,75,61,5.47
MZ-036,2021,512,174,24.5,Loam,88,48,6.26
MZ-037,2022,559,193,25.2,Clay,6,53,6.02
MZ-038,2023,606,212,25.9,Sandy,19,58,6.22
MZ-039,2024,653,86,26.6,Silt,32,63,5.88
MZ-040,2020,700,105,27.3,Loam,45,50,6.13
MZ-041,2021,747,124,22.3,Clay,58,55,5.64
MZ-042,2022,794,143,23.0,Sandy,71,60,5.85
MZ-043,2023,841,162,23.7,Silt,84,65,7.03
MZ-044,2024,888,181,24.4,Loam,2,52,7.34
MZ-045,2020,935,200,25.1,Clay,15,57,7.57
MZ-046,2021,442,74,25.8,Sandy,28,62,4.04
MZ-047,2022,489,93,26.5,Silt,41,49,5.22
MZ-048,2023,536,112,27.2,Loam,54,54,5.95
MZ-049,2024,583,131,22.2,Clay,67,59,5.44
MZ-050,2020,630,150,22.9,Sandy,80,64,5.19
MZ-051,2021,677,169,23.6,Silt,93,51,6.37
MZ-052,2022,724,188,24.3,Loam,11,56,6.68
MZ-053,2023,771,207,25.0,Clay,24,61,6.91
MZ-054,2024,818,81,25.7,Sandy,37,48,5.59
MZ-055,2020,865,100,26.4,Silt,50,53,6.77
MZ-056,2021,912,119,27.1,Loam,63,58,7.54
MZ-057,2022,959,138,22.1,Clay,76,63,7.00
MZ-058,2023,466,157,22.8,Sandy,89,50,4.98
MZ-059,2024,513,176,23.5,Silt,7,55,5.69
MZ-060,2020,560,195,24.2,Loam,20,60,6.02
MZ-061,2021,607,214,24.9,Clay,33,65,6.25
MZ-062,2022,654,88,25.6,Sandy,46,52,4.93
MZ-063,2023,701,107,26.3,Silt,59,57,6.11
MZ-064,2024,748,126,27.0,Loam,72,62,6.90
MZ-065,2020,795,145,27.7,Clay,85,49,6.94
MZ-066,2021,842,164,22.7,Sandy,3,54,6.06
MZ-067,2022,889,183,23.4,Silt,16,59,7.24
MZ-068,2023,936,202,24.1,Loam,29,64,8.03
MZ-069,2024,443,76,24.8,Clay,42,51,4.53
MZ-070,2020,490,95,25.5,Sandy,55,56,4.27
MZ-071,2021,537,114,26.2,Silt,68,61,5.45
MZ-072,2022,584,133,26.9,Loam,81,48,6.25
