Greenhouse_ID,Season,Avg_Temperature_C,Relative_Humidity_pct,Drip_Irrigation_L_plant,EC_dS_m,Plants_per_ha,Variety,Production_System
TM-001,2021,21.7,61,1.9,2.2,18100,Cherry,Greenhouse
TM-002,2022,22.6,68,3,2.7,19200,Beefsteak,Greenhouse
TM-003,2023,23.5,75,4.1,3.2,20300,Hybrid-22,Open_Field
TM-004,2024,24.4,82,1.8,2.1,21400,Roma,Greenhouse
TM-005,2020,25.3,55,2.9,2.6,22500,Cherry,Greenhouse
TM-006,2021,26.2,62,4,3.1,23600,Beefsteak,Open_Field
TM-007,2022,27.1,69,1.7,2,24700,Hybrid-22,Greenhouse
TM-008,2023,28,76,2.8,2.5,25800,Roma,Greenhouse
TM-009,2024,28.9,83,3.9,3,26900,Cherry,Open_Field
TM-010,2020,21.6,56,1.6,1.9,28000,Beefsteak,Greenhouse
TM-011,2021,22.5,63,2.7,2.4,17600,Hybrid-22,Greenhouse
TM-012,2022,23.4,70,3.8,2.9,18700,Roma,Open_Field
TM-013,2023,24.3,77,1.5,1.8,19800,Cherry,Greenhouse
TM-014,2024,25.2,84,2.6,2.3,20900,Beefsteak,Greenhouse
TM-015,2020,26.1,57,3.7,2.8,22000,Hybrid-22,Open_Field
TM-016,2021,27,64,1.4,1.7,23100,Roma,Greenhouse
TM-017,2022,27.9,71,2.5,2.2,24200,Cherry,Greenhouse
TM-018,2023,28.8,78,3.6,2.7,25300,Beefsteak,Open_Field
TM-019,2024,21.5,85,1.3,3.2,26400,Hybrid-22,Greenhouse
TM-020,2020,22.4,58,2.4,2.1,27500,Roma,Greenhouse
TM-021,2021,23.3,65,3.5,2.6,17100,Cherry,Open_Field
TM-022,2022,24.2,72,1.2,3.1,18200,Beefsteak,Greenhouse
TM-023,2023,25.1,79,2.3,2,19300,Hybrid-22,Greenhouse
TM-024,2024,26,86,3.4,2.5,20400,Roma,Open_Field
TM-025,2020,26.9,59,1.1,3,21500,Cherry,Greenhouse
TM-026,2021,27.8,66,2.2,1.9,22600,Beefsteak,Greenhouse
TM-027,2022,28.7,73,3.3,2.4,23700,Hybrid-22,Open_Field
TM-028,2023,21.4,80,1,2.9,24800,Roma,Greenhouse
TM-029,2024,22.3,87,2.1,1.8,25900,Cherry,Greenhouse
TM-030,2020,23.2,60,3.2,2.3,27000,Beefsteak,Open_Field
TM-031,2021,24.1,67,0.9,2.8,28100,Hybrid-22,Greenhouse
TM-032,2022,25,74,2,1.7,17700,Roma,Greenhouse
TM-033,2023,25.9,81,3.1,2.2,18800,Cherry,Open_Field
TM-034,2024,26.8,54,0.8,2.7,19900,Beefsteak,Greenhouse
TM-035,2020,27.7,61,1.9,3.2,21000,Hybrid-22,Greenhouse
TM-036,2021,28.6,68,3,2.1,22100,Roma,Open_Field
TM-037,2022,21.3,75,4.1,2.6,23200,Cherry,Greenhouse
TM-038,2023,22.2,82,1.8,3.1,24300,Beefsteak,Greenhouse
TM-039,2024,23.1,55,2.9,2,25400,Hybrid-22,Open_Field
TM-040,2020,24,62,4,2.5,26500,Roma,Greenhouse
TM-041,2021,24.9,69,1.7,3,27600,Cherry,Greenhouse
TM-042,2022,25.8,76,2.8,1.9,17200,Beefsteak,Open_Field
TM-043,2023,26.7,83,3.9,2.4,18300,Hybrid-22,Greenhouse
TM-044,2024,27.6,56,1.6,2.9,19400,Roma,Greenhouse
TM-045,2020,28.5,63,2.7,1.8,20500,Cherry,Open_Field
TM-046,2021,21.2,70,3.8,2.3,21600,Beefsteak,Greenhouse
TM-047,2022,22.1,77,1.5,2.8,22700,Hybrid-22,Greenhouse
TM-048,2023,23,84,2.6,1.7,23800,Roma,Open_Field
TM-049,2024,23.9,57,3.7,2.2,24900,Cherry,Greenhouse
TM-050,2020,24.8,64,1.4,2.7,26000,Beefsteak,Greenhouse
TM-051,2021,25.7,71,2.5,3.2,27100,Hybrid-22,Open_Field
TM-052,2022,26.6,78,3.6,2.1,28200,Roma,Greenhouse
TM-053,2023,27.5,85,1.3,2.6,17800,Cherry,Greenhouse
TM-054,2024,28.4,58,2.4,3.1,18900,Beefsteak,Open_Field
TM-055,2020,21.1,65,3.5,2,20000,Hybrid-22,Greenhouse
TM-056,2021,22,72,1.2,2.5,21100,Roma,Greenhouse
TM-057,2022,22.9,79,2.3,3,22200,Cherry,Open_Field
TM-058,2023,23.8,86,3.4,1.9,23300,Beefsteak,Greenhouse
TM-059,2024,24.7,59,1.1,2.4,24400,Hybrid-22,Greenhouse
TM-060,2020,25.6,66,2.2,2.9,25500,Roma,Open_Field
TM-061,2021,26.5,73,3.3,1.8,26600,Cherry,Greenhouse
TM-062,2022,27.4,80,1,2.3,27700,Beefsteak,Greenhouse
TM-063,2023,28.3,87,2.1,2.8,17300,Hybrid-22,Open_Field
TM-064,2024,21,60,3.2,1.7,18400,Roma,Greenhouse
TM-065,2020,21.9,67,0.9,2.2,19500,Cherry,Greenhouse
TM-066,2021,22.8,74,2,2.7,20600,Beefsteak,Open_Field
TM-067,2022,23.7,81,3.1,3.2,21700,Hybrid-22,Greenhouse
TM-068,2023,24.6,54,0.8,2.1,22800,Roma,Greenhouse
TM-069,2024,25.5,61,1.9,2.6,23900,Cherry,Open_Field
TM-070,2020,26.4,68,3,3.1,25000,Beefsteak,Greenhouse
TM-071,2021,27.3,75,4.1,2,26100,Hybrid-22,Greenhouse
TM-072,2022,28.2,82,1.8,2.5,27200,Roma,Open_Field
