Farm_ID,Season,Monsoon_Rainfall_mm,Water_Depth_cm,Fertilizer_N_kg_ha,Days_to_Harvest,Variety,Region,Rice_Yield_t_ha
RC-001,2021,921,7,78,115,Swarna,Coastal,5.51
RC-002,2022,982,10,101,122,Samba,Inland,6.65
RC-003,2023,1043,13,124,129,BPT-5204,Lowland,6.84
RC-004,2024,1104,16,147,108,IR-64,Delta,7.20
RC-005,2020,1165,19,55,115,Swarna,Coastal,6.17
RC-006,2021,1226,4,78,122,Samba,Inland,6.38
RC-007,2022,1287,7,101,129,BPT-5204,Lowland,7.17
RC-008,2023,1348,10,124,108,IR-64,Delta,6.93
RC-009,2024,1409,13,147,115,Swarna,Coastal,8.11
RC-010,2020,1470,16,55,122,Samba,Inland,7.04
RC-011,2021,1531,19,78,129,BPT-5204,Lowland,7.83
RC-012,2022,872,4,101,108,IR-64,Delta,5.00
RC-013,2023,933,7,124,115,Swarna,Coastal,6.18
RC-014,2024,994,10,147,122,Samba,Inland,7.33
RC-015,2020,1055,13,55,129,BPT-5204,Lowland,5.90
RC-016,2021,1116,16,78,108,IR-64,Delta,6.26
RC-017,2022,1177,19,101,115,Swarna,Coastal,6.85
RC-018,2023,1238,4,124,122,Samba,Inland,7.05
RC-019,2024,1299,7,147,129,BPT-5204,Lowland,7.84
RC-020,2020,1360,10,55,108,IR-64,Delta,5.99
RC-021,2021,1421,13,78,115,Swarna,Coastal,7.17
RC-022,2022,1482,16,101,122,Samba,Inland,7.72
RC-023,2023,1543,19,124,129,BPT-5204,Lowland,8.50
RC-024,2024,884,4,147,108,IR-64,Delta,5.67
RC-025,2020,945,7,55,115,Swarna,Coastal,5.24
RC-026,2021,1006,10,78,122,Samba,Inland,6.39
RC-027,2022,1067,13,101,129,BPT-5204,Lowland,6.57
RC-028,2023,1128,16,124,108,IR-64,Delta,6.93
RC-029,2024,1189,19,147,115,Swarna,Coastal,7.52
RC-030,2020,1250,4,55,122,Samba,Inland,6.12
RC-031,2021,1311,7,78,129,BPT-5204,Lowland,6.90
RC-032,2022,1372,10,101,108,IR-64,Delta,6.66
RC-033,2023,1433,13,124,115,Swarna,Coastal,7.84
RC-034,2024,1494,16,147,122,Samba,Inland,8.39
RC-035,2020,1555,19,55,129,BPT-5204,Lowland,7.56
RC-036,2021,896,4,78,108,IR-64,Delta,4.73
RC-037,2022,957,7,101,115,Swarna,Coastal,5.92
RC-038,2023,1018,10,124,122,Samba,Inland,7.06
RC-039,2024,1079,13,147,129,BPT-5204,Lowland,7.24
RC-040,2020,1140,16,55,108,IR-64,Delta,5.99
RC-041,2021,1201,19,78,115,Swarna,Coastal,6.58
RC-042,2022,1262,4,101,122,Samba,Inland,6.79
RC-043,2023,1323,7,124,129,BPT-5204,Lowland,7.57
RC-044,2024,1384,10,147,108,IR-64,Delta,7.33
RC-045,2020,1445,13,55,115,Swarna,Coastal,6.91
RC-046,2021,1506,16,78,122,Samba,Inland,7.45
RC-047,2022,1567,19,101,129,BPT-5204,Lowland,8.23
RC-048,2023,908,4,124,108,IR-64,Delta,5.40
RC-049,2024,969,7,147,115,Swarna,Coastal,6.59
RC-050,2020,1030,10,55,122,Samba,Inland,6.12
RC-051,2021,1091,13,78,129,BPT-5204,Lowland,6.31
RC-052,2022,1152,16,101,108,IR-64,Delta,6.67
RC-053,2023,1213,19,124,115,Swarna,Coastal,7.25
RC-054,2024,1274,4,147,122,Samba,Inland,7.46
RC-055,2020,1335,7,55,129,BPT-5204,Lowland,6.63
RC-056,2021,1396,10,78,108,IR-64,Delta,6.39
RC-057,2022,1457,13,101,115,Swarna,Coastal,7.58
RC-058,2023,1518,16,124,122,Samba,Inland,8.12
RC-059,2024,1579,19,147,129,BPT-5204,Lowland,8.91
RC-060,2020,920,4,55,108,IR-64,Delta,4.46
RC-061,2021,981,7,78,115,Swarna,Coastal,5.65
RC-062,2022,1042,10,101,122,Samba,Inland,6.79
RC-063,2023,1103,13,124,129,BPT-5204,Lowland,6.98
RC-064,2024,1164,16,147,108,IR-64,Delta,7.34
RC-065,2020,1225,19,55,115,Swarna,Coastal,6.31
RC-066,2021,1286,4,78,122,Samba,Inland,6.52
RC-067,2022,1347,7,101,129,BPT-5204,Lowland,7.30
RC-068,2023,1408,10,124,108,IR-64,Delta,7.06
RC-069,2024,1469,13,147,115,Swarna,Coastal,8.25
RC-070,2020,1530,16,55,122,Samba,Inland,7.18
RC-071,2021,871,19,78,129,BPT-5204,Lowland,6.31
RC-072,2022,932,4,101,108,IR-64,Delta,5.14
