Greenhouse_ID,Season,Avg_Temperature_C,Relative_Humidity_pct,Drip_Irrigation_L_plant,EC_dS_m,Plants_per_ha,Variety,Production_System,Tomato_Yield_t_ha
TM-001,2021,21.7,61,1.9,2.2,18100,Cherry,Greenhouse,48.77
TM-002,2022,22.6,68,3.0,2.7,19200,Beefsteak,Greenhouse,74.21
TM-003,2023,23.5,75,4.1,3.2,20300,Hybrid-22,Open_Field,80.08
TM-004,2024,24.4,82,1.8,2.1,21400,Roma,Greenhouse,63.68
TM-005,2020,25.3,55,2.9,2.6,22500,Cherry,Greenhouse,70.10
TM-006,2021,26.2,62,4.0,3.1,23600,Beefsteak,Open_Field,78.64
TM-007,2022,27.1,69,1.7,2.0,24700,Hybrid-22,Greenhouse,69.88
TM-008,2023,28.0,76,2.8,2.5,25800,Roma,Greenhouse,73.45
TM-009,2024,28.9,83,3.9,3.0,26900,Cherry,Open_Field,68.01
TM-010,2020,21.6,56,1.6,1.9,28000,Beefsteak,Greenhouse,69.51
TM-011,2021,22.5,63,2.7,2.4,17600,Hybrid-22,Greenhouse,68.07
TM-012,2022,23.4,70,3.8,2.9,18700,Roma,Open_Field,67.33
TM-013,2023,24.3,77,1.5,1.8,19800,Cherry,Greenhouse,50.64
TM-014,2024,25.2,84,2.6,2.3,20900,Beefsteak,Greenhouse,73.10
TM-015,2020,26.1,57,3.7,2.8,22000,Hybrid-22,Open_Field,78.30
TM-016,2021,27.0,64,1.4,1.7,23100,Roma,Greenhouse,61.58
TM-017,2022,27.9,71,2.5,2.2,24200,Cherry,Greenhouse,60.70
TM-018,2023,28.8,78,3.6,2.7,25300,Beefsteak,Open_Field,72.37
TM-019,2024,21.5,85,1.3,3.2,26400,Hybrid-22,Greenhouse,70.25
TM-020,2020,22.4,58,2.4,2.1,27500,Roma,Greenhouse,72.01
TM-021,2021,23.3,65,3.5,2.6,17100,Cherry,Open_Field,58.77
TM-022,2022,24.2,72,1.2,3.1,18200,Beefsteak,Greenhouse,61.57
TM-023,2023,25.1,79,2.3,2.0,19300,Hybrid-22,Greenhouse,68.96
TM-024,2024,26.0,86,3.4,2.5,20400,Roma,Open_Field,63.82
TM-025,2020,26.9,59,1.1,3.0,21500,Cherry,Greenhouse,54.02
TM-026,2021,27.8,66,2.2,1.9,22600,Beefsteak,Greenhouse,69.88
TM-027,2022,28.7,73,3.3,2.4,23700,Hybrid-22,Open_Field,73.72
TM-028,2023,21.4,80,1.0,2.9,24800,Roma,Greenhouse,57.51
TM-029,2024,22.3,87,2.1,1.8,25900,Cherry,Greenhouse,56.59
TM-030,2020,23.2,60,3.2,2.3,27000,Beefsteak,Open_Field,74.01
TM-031,2021,24.1,67,0.9,2.8,28100,Hybrid-22,Greenhouse,75.17
TM-032,2022,25.0,74,2.0,1.7,17700,Roma,Greenhouse,62.01
TM-033,2023,25.9,81,3.1,2.2,18800,Cherry,Open_Field,51.08
TM-034,2024,26.8,54,0.8,2.7,19900,Beefsteak,Greenhouse,56.68
TM-035,2020,27.7,61,1.9,3.2,21000,Hybrid-22,Greenhouse,70.92
TM-036,2021,28.6,68,3.0,2.1,22100,Roma,Open_Field,61.28
TM-037,2022,21.3,75,4.1,2.6,23200,Cherry,Greenhouse,74.44
TM-038,2023,22.2,82,1.8,3.1,24300,Beefsteak,Greenhouse,73.03
TM-039,2024,23.1,55,2.9,2.0,25400,Hybrid-22,Open_Field,67.87
TM-040,2020,24.0,62,4.0,2.5,26500,Roma,Greenhouse,85.21
TM-041,2021,24.9,69,1.7,3.0,27600,Cherry,Greenhouse,68.73
TM-042,2022,25.8,76,2.8,1.9,17200,Beefsteak,Open_Field,60.93
TM-043,2023,26.7,83,3.9,2.4,18300,Hybrid-22,Greenhouse,81.50
TM-044,2024,27.6,56,1.6,2.9,19400,Roma,Greenhouse,56.78
TM-045,2020,28.5,63,2.7,1.8,20500,Cherry,Open_Field,46.84
TM-046,2021,21.2,70,3.8,2.3,21600,Beefsteak,Greenhouse,78.50
TM-047,2022,22.1,77,1.5,2.8,22700,Hybrid-22,Greenhouse,68.58
TM-048,2023,23.0,84,2.6,1.7,23800,Roma,Open_Field,59.27
TM-049,2024,23.9,57,3.7,2.2,24900,Cherry,Greenhouse,75.97
TM-050,2020,24.8,64,1.4,2.7,26000,Beefsteak,Greenhouse,71.43
TM-051,2021,25.7,71,2.5,3.2,27100,Hybrid-22,Open_Field,76.55
TM-052,2022,26.6,78,3.6,2.1,28200,Roma,Greenhouse,81.93
TM-053,2023,27.5,85,1.3,2.6,17800,Cherry,Greenhouse,47.84
TM-054,2024,28.4,58,2.4,3.1,18900,Beefsteak,Open_Field,61.88
TM-055,2020,21.1,65,3.5,2.0,20000,Hybrid-22,Greenhouse,73.04
TM-056,2021,22.0,72,1.2,2.5,21100,Roma,Greenhouse,55.84
TM-057,2022,22.9,79,2.3,3.0,22200,Cherry,Open_Field,53.10
TM-058,2023,23.8,86,3.4,1.9,23300,Beefsteak,Greenhouse,77.99
TM-059,2024,24.7,59,1.1,2.4,24400,Hybrid-22,Greenhouse,70.79
TM-060,2020,25.6,66,2.2,2.9,25500,Roma,Open_Field,68.93
TM-061,2021,26.5,73,3.3,1.8,26600,Cherry,Greenhouse,69.19
TM-062,2022,27.4,80,1.0,2.3,27700,Beefsteak,Greenhouse,65.07
TM-063,2023,28.3,87,2.1,2.8,17300,Hybrid-22,Open_Field,55.36
TM-064,2024,21.0,60,3.2,1.7,18400,Roma,Greenhouse,64.10
TM-065,2020,21.9,67,0.9,2.2,19500,Cherry,Greenhouse,47.96
TM-066,2021,22.8,74,2.0,2.7,20600,Beefsteak,Open_Field,57.16
TM-067,2022,23.7,81,3.1,3.2,21700,Hybrid-22,Greenhouse,80.42
TM-068,2023,24.6,54,0.8,2.1,22800,Roma,Greenhouse,56.35
TM-069,2024,25.5,61,1.9,2.6,23900,Cherry,Open_Field,54.49
TM-070,2020,26.4,68,3.0,3.1,25000,Beefsteak,Greenhouse,85.93
TM-071,2021,27.3,75,4.1,2.0,26100,Hybrid-22,Greenhouse,90.91
TM-072,2022,28.2,82,1.8,2.5,27200,Roma,Open_Field,55.79
